1,Freddie,Smith,f.smith@randatmail.com,301-3291-82,TRUE
2,Anna,Chapman,a.chapman@randatmail.com,100-6470-55,FALSE
3,Aston,Sullivan,a.sullivan@randatmail.com,294-6566-67,TRUE
4,Alford,Farrell,a.farrell@randatmail.com,965-3922-17,TRUE
5,Brianna,Baker,b.baker@randatmail.com,558-2163-91,FALSE
6,Alexia,Morrison,a.morrison@randatmail.com,119-1279-56,FALSE
7,Richard,Higgins,r.higgins@randatmail.com,718-5324-56,TRUE
8,Maria,Hamilton,m.hamilton@randatmail.com,042-9957-33,FALSE
9,Thomas,Edwards,t.edwards@randatmail.com,647-8788-32,TRUE
10,Lilianna,Myers,l.myers@randatmail.com,612-1335-27,TRUE
11,Byron,Thompson,b.thompson@randatmail.com,629-4346-60,FALSE
12,Sofia,Johnston,s.johnston@randatmail.com,456-5351-25,FALSE
13,Spike,Owens,s.owens@randatmail.com,006-8293-90,TRUE
14,Haris,Ryan,h.ryan@randatmail.com,682-7944-30,FALSE
15,Thomas,Elliott,t.elliott@randatmail.com,861-3528-51,TRUE
16,Vincent,Watson,v.watson@randatmail.com,773-4724-64,TRUE
17,Alexia,Tucker,a.tucker@randatmail.com,343-1913-17,FALSE
18,Daryl,Kelly,d.kelly@randatmail.com,910-2336-17,FALSE
19,Rafael,Harris,r.harris@randatmail.com,247-8806-05,TRUE
20,Leonardo,Wilson,l.wilson@randatmail.com,576-4935-18,FALSE
21,Lana,Harrison,l.harrison@randatmail.com,852-1229-62,TRUE
22,Kellan,Alexander,k.alexander@randatmail.com,457-5793-15,TRUE
23,Lydia,Murphy,l.murphy@randatmail.com,708-5859-98,FALSE
24,Gianna,Cameron,g.cameron@randatmail.com,617-2682-77,FALSE
25,Melanie,Barnes,m.barnes@randatmail.com,917-1294-13,TRUE
26,Penelope,Reed,p.reed@randatmail.com,434-9026-60,FALSE
27,Daryl,Gibson,d.gibson@randatmail.com,079-2457-79,TRUE
28,Arianna,Rogers,a.rogers@randatmail.com,257-1559-02,TRUE
29,Gianna,Chapman,g.chapman@randatmail.com,430-4036-91,FALSE
30,Vincent,Stevens,v.stevens@randatmail.com,482-9804-40,FALSE
31,Luke,Owens,l.owens@randatmail.com,668-8326-52,TRUE
32,Albert,Montgomery,a.montgomery@randatmail.com,288-2896-10,FALSE
33,Jacob,Casey,j.casey@randatmail.com,443-9984-69,TRUE
34,Edward,Murray,e.murray@randatmail.com,428-6156-96,TRUE
35,Maria,Barrett,m.barrett@randatmail.com,207-5334-08,FALSE
36,Lenny,Ferguson,l.ferguson@randatmail.com,339-9682-99,FALSE
37,Alberta,Farrell,a.farrell@randatmail.com,944-0481-23,TRUE
38,Adam,Barrett,a.barrett@randatmail.com,739-3054-39,FALSE
39,Sawyer,Hawkins,s.hawkins@randatmail.com,769-7360-79,TRUE
40,Chelsea,Warren,c.warren@randatmail.com,679-2186-77,TRUE
41,Ted,Casey,t.casey@randatmail.com,083-8868-61,FALSE
42,Alisa,Morrison,a.morrison@randatmail.com,609-1753-90,FALSE
43,Dale,Kelly,d.kelly@randatmail.com,715-6190-89,TRUE
44,Tess,Johnston,t.johnston@randatmail.com,407-0475-51,FALSE
45,Leonardo,Cunningham,l.cunningham@randatmail.com,367-2552-04,TRUE
46,Lyndon,Cameron,l.cameron@randatmail.com,457-5949-01,TRUE
47,Ned,Rogers,n.rogers@randatmail.com,449-5391-06,FALSE
48,Elise,Murphy,e.murphy@randatmail.com,687-2790-36,FALSE
49,Blake,Clark,b.clark@randatmail.com,081-0483-10,TRUE
50,Fiona,Carroll,f.carroll@randatmail.com,878-7277-32,FALSE
51,Brianna,Foster,b.foster@randatmail.com,656-8107-21,TRUE
52,Sydney,Perry,s.perry@randatmail.com,267-4203-38,TRUE
53,Naomi,Douglas,n.douglas@randatmail.com,167-1358-00,FALSE
54,Walter,Reed,w.reed@randatmail.com,066-5432-05,FALSE
55,Connie,Phillips,c.phillips@randatmail.com,580-9107-30,TRUE
56,Victoria,Rogers,v.rogers@randatmail.com,628-3678-90,FALSE
57,James,Stewart,j.stewart@randatmail.com,644-8171-44,TRUE
58,Nicholas,Turner,n.turner@randatmail.com,708-5043-72,TRUE
59,Richard,Grant,r.grant@randatmail.com,078-5853-77,FALSE
60,Maria,Higgins,m.higgins@randatmail.com,184-4638-49,FALSE
61,Dexter,Spencer,d.spencer@randatmail.com,508-1202-30,TRUE
62,Kimberly,Jones,k.jones@randatmail.com,720-3873-72,FALSE
63,Thomas,Ellis,t.ellis@randatmail.com,106-5546-86,TRUE
64,Mary,Andrews,m.andrews@randatmail.com,112-6207-40,TRUE
65,Dominik,Andrews,d.andrews@randatmail.com,165-2012-31,FALSE
66,Alissa,Moore,a.moore@randatmail.com,474-8295-68,FALSE
67,Emma,Williams,e.williams@randatmail.com,378-4739-50,TRUE
68,Chelsea,Barnes,c.barnes@randatmail.com,821-1826-00,FALSE
69,Daisy,Montgomery,d.montgomery@randatmail.com,542-2610-59,TRUE
70,Justin,Allen,j.allen@randatmail.com,312-4452-05,TRUE
71,Brianna,Cole,b.cole@randatmail.com,810-9540-17,FALSE
72,Michelle,Myers,m.myers@randatmail.com,119-6741-56,FALSE
73,Stuart,Jones,s.jones@randatmail.com,848-7809-11,TRUE
74,Samantha,Moore,s.moore@randatmail.com,712-8935-74,FALSE
75,Chelsea,Kelly,c.kelly@randatmail.com,120-0595-94,TRUE
76,Owen,Morrison,o.morrison@randatmail.com,439-5341-77,TRUE
77,Ned,Alexander,n.alexander@randatmail.com,126-9124-24,FALSE
78,Wilson,Taylor,w.taylor@randatmail.com,630-7334-42,FALSE
79,Amanda,Mitchell,a.mitchell@randatmail.com,638-2762-68,TRUE
80,Alexia,Hall,a.hall@randatmail.com,231-5891-13,FALSE
81,Oscar,Higgins,o.higgins@randatmail.com,289-3998-08,TRUE
82,Alan,Murray,a.murray@randatmail.com,467-5192-76,TRUE
83,Adele,Grant,a.grant@randatmail.com,032-3674-54,FALSE
84,Tiana,Kelley,t.kelley@randatmail.com,151-0804-43,FALSE
85,John,Turner,j.turner@randatmail.com,892-2014-49,TRUE
86,Anna,Casey,a.casey@randatmail.com,833-6411-03,FALSE
87,Alford,Evans,a.evans@randatmail.com,604-7675-94,TRUE
88,Adison,Stevens,a.stevens@randatmail.com,849-3978-67,TRUE
89,Dainton,Clark,d.clark@randatmail.com,277-0362-95,FALSE
90,Aida,Alexander,a.alexander@randatmail.com,966-2681-54,FALSE
91,Emma,Carter,e.carter@randatmail.com,100-5575-94,TRUE
92,Haris,Armstrong,h.armstrong@randatmail.com,188-0245-46,FALSE
93,Miranda,Henderson,m.henderson@randatmail.com,950-0566-82,TRUE
94,Abraham,Morrison,a.morrison@randatmail.com,493-2083-90,TRUE
95,Freddie,Howard,f.howard@randatmail.com,930-1003-11,FALSE
96,Heather,Craig,h.craig@randatmail.com,426-9339-75,FALSE
97,Olivia,Gray,o.gray@randatmail.com,457-5386-51,TRUE
98,Roman,Casey,r.casey@randatmail.com,400-3883-91,FALSE
99,Preston,Roberts,p.roberts@randatmail.com,076-6657-95,TRUE
100,Caroline,Harper,c.harper@randatmail.com,029-6318-22,TRUE
